{
  "name": "angularjs-datepicker",
  "version": "2.1.23",
  "description": "A datepicker directive for angularjs.",
  "authors": [
    "Filippo Oretti <filippo.oretti@gmail.com",
    "Dario Andrei <wouldgo84@gmail.com>"
  ],
  "keywords": [
    "date",
    "datepicker",
    "input",
    "angularjs",
    "angular",
    "input"
  ],
  "license": "MIT",
  "main": [
    "./dist/angular-datepicker.css",
    "./dist/angular-datepicker.js",
    "./dist/angular-datepicker.sourcemap.map"
  ],
  "homepage": "http://720kb.github.io/angular-datepicker",
  "ignore": [
    "**/.*",
    "node_modules",
    "bower_components",
    "test",
    "tests"
  ],
  "_release": "2.1.23",
  "_resolution": {
    "type": "version",
    "tag": "2.1.23",
    "commit": "6923e28f95d7fd346b464949d9ee846cd02cd916"
  },
  "_source": "https://github.com/720kb/angular-datepicker.git",
  "_target": "^2.1.23",
  "_originalSource": "angularjs-datepicker",
  "_direct": true
}