{
  "name": "ngprogress",
  "version": "1.1.3",
  "main": [
    "build/ngprogress.min.js",
    "ngProgress.css"
  ],
  "ignore": [
    "**/.*",
    "node_modules",
    "bower_components",
    "test",
    "tests",
    "src",
    "Gruntfile.js",
    "package.json",
    "karma.conf.js",
    "index.html"
  ],
  "homepage": "https://github.com/VictorBjelkholm/ngProgress",
  "_release": "1.1.3",
  "_resolution": {
    "type": "version",
    "tag": "v1.1.3",
    "commit": "07f8fabaa053853b564d6d544c2bf223dd88c941"
  },
  "_source": "https://github.com/VictorBjelkholm/ngProgress.git",
  "_target": "^1.1.3",
  "_originalSource": "ngprogress",
  "_direct": true
}